{
  "results": {
    "2": {
      "m": 2,
      "R2": 0.9999998682839547,
      "A": 0.0003617677994267185,
      "phi": -0.5939102209277702,
      "delta_diff": 0.00040489480753058693,
      "p_value": 1.0,
      "significant": false,
      "empirical": {
        "0": -0.00020237393012578764,
        "1": 0.0002025208774047993
      },
      "counts": {
        "0": 1000564,
        "1": 999838
      },
      "n_residues": 2
    },
    "3": {
      "m": 3,
      "R2": 0.9999999973727886,
      "A": -0.00037828204829203993,
      "phi": -0.8946286605307786,
      "delta_diff": 0.0006475928319824575,
      "p_value": 3.2630793668775304e-05,
      "significant": true,
      "empirical": {
        "0": 0.00029506491202724305,
        "1": -0.0003525279199552145,
        "2": 5.7504138950337236e-05
      },
      "counts": {
        "0": 666527,
        "1": 666709,
        "2": 667166
      },
      "n_residues": 3
    },
    "5": {
      "m": 5,
      "R2": 0.7548013094369844,
      "A": 0.0012881273616366677,
      "phi": -0.7540874850659981,
      "delta_diff": 0.002843758695870946,
      "p_value": 0.055915449479916335,
      "significant": false,
      "empirical": {
        "0": -0.0003487102902901551,
        "1": 0.0004854506451661411,
        "2": 0.0009501165536305312,
        "3": 0.0008061398841308076,
        "4": -0.0018936421422404148
      },
      "counts": {
        "0": 399873,
        "1": 400417,
        "2": 399771,
        "3": 400324,
        "4": 400017
      },
      "n_residues": 5
    },
    "6": {
      "m": 6,
      "R2": 0.14003574993108703,
      "A": -0.00019138143689643403,
      "phi": 1.2060099065145935,
      "delta_diff": 0.0010823864270239625,
      "p_value": 0.4648813719230126,
      "significant": false,
      "empirical": {
        "0": -8.622499539368e-05,
        "1": -0.0002986523597444668,
        "2": -0.00011446570463813366,
        "3": 0.0006760654695978641,
        "4": -0.0004063209574260984,
        "5": 0.00022971541685135044
      },
      "counts": {
        "0": 333137,
        "1": 333099,
        "2": 333817,
        "3": 333390,
        "4": 333610,
        "5": 333349
      },
      "n_residues": 6
    },
    "7": {
      "m": 7,
      "R2": 0.37780687400082646,
      "A": 0.0007704049431273027,
      "phi": 2.085354562603011,
      "delta_diff": 0.0027955081356301203,
      "p_value": 0.1418984361792336,
      "significant": false,
      "empirical": {
        "0": 0.000922222289979624,
        "1": 0.0007318262524769192,
        "2": -0.0018732858456504964,
        "3": 0.0002538069178903424,
        "4": -0.0005713640445645929,
        "5": 7.784896463669533e-05,
        "6": 0.00045408758296372476
      },
      "counts": {
        "0": 286377,
        "1": 285943,
        "2": 285157,
        "3": 285318,
        "4": 286261,
        "5": 285672,
        "6": 285674
      },
      "n_residues": 7
    },
    "9": {
      "m": 9,
      "R2": 0.5934168028848977,
      "A": 0.0010889303461789034,
      "phi": 0.5790831916670907,
      "delta_diff": 0.002949288499002334,
      "p_value": 0.015142421114856308,
      "significant": true,
      "empirical": {
        "0": 0.0008571961380956505,
        "1": 0.00034425178293706615,
        "2": 0.0015865292543473242,
        "3": 0.0011882717309226187,
        "4": -0.0013627592446550096,
        "5": -0.0006512358883966618,
        "6": -0.001158468180199157,
        "7": -3.7574947041707496e-05,
        "8": -0.000764779914390723
      },
      "counts": {
        "0": 221974,
        "1": 222288,
        "2": 222564,
        "3": 222178,
        "4": 222503,
        "5": 222673,
        "6": 222375,
        "7": 221918,
        "8": 221929
      },
      "n_residues": 9
    },
    "11": {
      "m": 11,
      "R2": 0.07527476416193324,
      "A": 0.0003886157284314426,
      "phi": 1.3355897972253978,
      "delta_diff": 0.0031719852628282474,
      "p_value": 0.4142416089679424,
      "significant": false,
      "empirical": {
        "0": 0.001839895772257627,
        "1": 0.001285956827813406,
        "2": -0.0004877018650667475,
        "3": -0.0009786482331075597,
        "4": 0.0008090914892850964,
        "5": -0.0013320894905706204,
        "6": 0.0003489236778577709,
        "7": 5.995203410114058e-05,
        "8": 0.0004059586496409917,
        "9": -0.0012757596044875585,
        "10": -0.0006732184460350732
      },
      "counts": {
        "0": 182216,
        "1": 181841,
        "2": 181915,
        "3": 181311,
        "4": 181204,
        "5": 182144,
        "6": 181940,
        "7": 181468,
        "8": 181812,
        "9": 182004,
        "10": 182547
      },
      "n_residues": 11
    },
    "13": {
      "m": 13,
      "R2": 0.03316607025842244,
      "A": -0.0002935062808023301,
      "phi": 0.42331568841892236,
      "delta_diff": 0.0038589348078815755,
      "p_value": 0.5515227071506883,
      "significant": false,
      "empirical": {
        "0": 0.0010609169645998673,
        "1": -7.02390077076398e-05,
        "2": -0.00048270714919107505,
        "3": 3.7522143135015895e-05,
        "4": -0.0016164956288745591,
        "5": 0.0002972329242103555,
        "6": -7.159653212396311e-05,
        "7": 0.0015153994493832812,
        "8": 0.0010656729069984383,
        "9": -0.0023435353584982943,
        "10": 0.000885523177600378,
        "11": 0.0010934945482476977,
        "12": -0.001381087315245444
      },
      "counts": {
        "0": 153297,
        "1": 154306,
        "2": 153718,
        "3": 153609,
        "4": 153532,
        "5": 153813,
        "6": 154018,
        "7": 153701,
        "8": 153911,
        "9": 153523,
        "10": 154695,
        "11": 154271,
        "12": 154008
      },
      "n_residues": 13
    },
    "27": {
      "m": 27,
      "R2": 0.017056785368801952,
      "A": -0.0002417884563549737,
      "phi": -0.056096634302825535,
      "delta_diff": 0.00518571085679187,
      "p_value": 0.5161416193589743,
      "significant": false,
      "empirical": {
        "0": 0.0010796894896729636,
        "1": 0.0002589588702479606,
        "2": 0.0012852858179124294,
        "3": 0.0014953041104526221,
        "4": -0.000556322013868904,
        "5": -0.001962328241655986,
        "6": -0.0008395503645826086,
        "7": -0.0013862601348804127,
        "8": -0.0026793326450986754,
        "9": 0.00038394478020697953,
        "10": 0.00025353604603339797,
        "11": 0.001832404551963096,
        "12": 0.002326967505374977,
        "13": -0.0006706715685881326,
        "14": -0.0005247975511613046,
        "15": -0.0016799161309996036,
        "16": 0.0005463284110478472,
        "17": -6.660834169414098e-05,
        "18": 0.0011073669577601475,
        "19": 0.0005198478707726384,
        "20": 0.0016418918713130282,
        "21": -0.0002574192711748413,
        "22": -0.0028587433514168925,
        "23": 0.0005263374118500419,
        "24": -0.000954498186731878,
        "25": 0.0007321747171373794,
        "26": 0.00044151272598069724
      },
      "counts": {
        "0": 73894,
        "1": 73840,
        "2": 74314,
        "3": 74073,
        "4": 74076,
        "5": 74004,
        "6": 73897,
        "7": 74129,
        "8": 73776,
        "9": 73935,
        "10": 74232,
        "11": 74426,
        "12": 74049,
        "13": 74178,
        "14": 74246,
        "15": 74236,
        "16": 74168,
        "17": 73738,
        "18": 74145,
        "19": 74216,
        "20": 73824,
        "21": 74056,
        "22": 74249,
        "23": 74423,
        "24": 74242,
        "25": 73621,
        "26": 74415
      },
      "n_residues": 27
    },
    "81": {
      "m": 81,
      "R2": 0.020444444475765322,
      "A": 0.0005649891097677078,
      "phi": -0.8664977203158347,
      "delta_diff": 0.01095792407994367,
      "p_value": 0.20287270946192448,
      "significant": false,
      "empirical": {
        "0": -0.000640486647856986,
        "1": -0.004092614225335467,